Conference,Division,Team,Playoff_Appearances_Count,Years
AFC,AFC East,Buffalo Bills,8,2017; 2019; 2020; 2021; 2022; 2023; 2024; 2025
AFC,AFC East,Miami Dolphins,4,2008; 2016; 2022; 2023
AFC,AFC East,New England Patriots,17,2003; 2004; 2005; 2006; 2007; 2009; 2010; 2011; 2012; 2013; 2014; 2015; 2016; 2017; 2018; 2019; 2021
AFC,AFC East,New York Jets,3,2004; 2009; 2010
AFC,AFC North,Baltimore Ravens,15,2003; 2006; 2008; 2009; 2010; 2011; 2012; 2014; 2018; 2019; 2020; 2022; 2023; 2024; 2025
AFC,AFC North,Cincinnati Bengals,9,2005; 2009; 2011; 2012; 2013; 2014; 2015; 2021; 2022
AFC,AFC North,Cleveland Browns,2,2020; 2023
AFC,AFC North,Pittsburgh Steelers,14,2004; 2005; 2007; 2008; 2010; 2011; 2014; 2015; 2016; 2017; 2020; 2021; 2023; 2024
AFC,AFC South,Houston Texans,8,2011; 2012; 2015; 2016; 2018; 2019; 2023; 2024
AFC,AFC South,Indianapolis Colts,13,2003; 2004; 2005; 2006; 2007; 2008; 2009; 2010; 2012; 2013; 2014; 2018; 2020
AFC,AFC South,Jacksonville Jaguars,4,2005; 2007; 2017; 2022
AFC,AFC South,Tennessee Titans,7,2003; 2007; 2008; 2017; 2019; 2020; 2021
AFC,AFC West,Denver Broncos,9,2003; 2004; 2005; 2011; 2012; 2013; 2014; 2015; 2024
AFC,AFC West,Kansas City Chiefs,15,2003; 2006; 2010; 2013; 2015; 2016; 2017; 2018; 2019; 2020; 2021; 2022; 2023; 2024; 2025
AFC,AFC West,Las Vegas Raiders,2,2016; 2021
AFC,AFC West,Los Angeles Chargers,9,2004; 2006; 2007; 2008; 2009; 2013; 2018; 2022; 2024
NFC,NFC East,Dallas Cowboys,10,2003; 2006; 2007; 2009; 2014; 2016; 2018; 2021; 2022; 2023
NFC,NFC East,New York Giants,7,2005; 2006; 2007; 2008; 2011; 2016; 2022
NFC,NFC East,Philadelphia Eagles,15,2003; 2004; 2006; 2008; 2009; 2010; 2013; 2017; 2018; 2019; 2021; 2022; 2023; 2024; 2025
NFC,NFC East,Washington Commanders,6,2005; 2007; 2012; 2015; 2020; 2024
NFC,NFC North,Chicago Bears,5,2005; 2006; 2010; 2018; 2020
NFC,NFC North,Detroit Lions,6,2011; 2014; 2016; 2023; 2024; 2025
NFC,NFC North,Green Bay Packers,17,2003; 2004; 2007; 2009; 2010; 2011; 2012; 2013; 2014; 2015; 2016; 2019; 2020; 2021; 2023; 2024; 2025
NFC,NFC North,Minnesota Vikings,9,2004; 2008; 2009; 2012; 2015; 2017; 2019; 2022; 2024
NFC,NFC South,Atlanta Falcons,7,2004; 2008; 2010; 2011; 2012; 2016; 2017
NFC,NFC South,Carolina Panthers,7,2003; 2005; 2008; 2013; 2014; 2015; 2017
NFC,NFC South,New Orleans Saints,9,2006; 2009; 2010; 2011; 2013; 2017; 2018; 2019; 2020
NFC,NFC South,Tampa Bay Buccaneers,7,2005; 2007; 2020; 2021; 2022; 2023; 2024
NFC,NFC West,Arizona Cardinals,5,2008; 2009; 2014; 2015; 2021
NFC,NFC West,Los Angeles Rams,9,2003; 2004; 2017; 2018; 2020; 2021; 2023; 2024; 2025
NFC,NFC West,San Francisco 49ers,8,2011; 2012; 2013; 2019; 2021; 2022; 2023; 2025
NFC,NFC West,Seattle Seahawks,15,2003; 2004; 2005; 2006; 2007; 2010; 2012; 2013; 2014; 2015; 2016; 2018; 2019; 2020; 2022
